USE travel_rag;

INSERT INTO users (
    id, username, phone, created_at
) VALUES
(1, 'demo_user', '13800000000', '2026-03-20 08:00:00');

INSERT INTO user_preferences (
    id, user_id, home_city, transport_preference, seat_preference, cabin_preference,
    budget_level, prefer_direct, prefer_morning_departure, created_at, updated_at
) VALUES
(1, 1, '北京', 'train', '二等座', '经济舱', 'medium', TRUE, TRUE, '2026-03-20 08:00:00', '2026-03-20 08:00:00');

INSERT INTO weather_data (
    id, city, fx_date, sunrise, sunset, moonrise, moonset, moon_phase, moon_phase_icon,
    temp_max, temp_min, icon_day, text_day, icon_night, text_night,
    wind360_day, wind_dir_day, wind_scale_day, wind_speed_day,
    wind360_night, wind_dir_night, wind_scale_night, wind_speed_night,
    precip, uv_index, humidity, pressure, vis, cloud, update_time
) VALUES
(1, '北京', '2026-03-21', '06:18:00', '18:24:00', '08:40:00', '22:11:00', '上弦月', '802', 18, 8, '101', '多云', '150', '晴', 45, '东北风', '3-4', 18, 0, '北风', '1-3', 9, 0.0, 5, 42, 1018, 25, 35, '2026-03-20 08:00:00'),
(2, '北京', '2026-03-22', '06:16:00', '18:25:00', '09:25:00', '23:09:00', '盈凸月', '803', 20, 10, '100', '晴', '150', '晴', 90, '东风', '1-3', 12, 45, '东北风', '1-3', 8, 0.0, 6, 38, 1015, 24, 20, '2026-03-20 08:00:00'),
(3, '北京', '2026-03-23', '06:15:00', '18:26:00', '10:12:00', '00:03:00', '盈凸月', '803', 16, 7, '104', '阴', '305', '小雨', 135, '东南风', '3-4', 20, 90, '东风', '1-3', 10, 2.5, 4, 58, 1010, 18, 78, '2026-03-20 08:00:00'),
(4, '北京', '2026-03-24', '06:13:00', '18:27:00', '11:01:00', '00:54:00', '盈凸月', '803', 14, 6, '305', '小雨', '104', '阴', 180, '南风', '3-4', 22, 135, '东南风', '1-3', 10, 5.8, 3, 71, 1007, 16, 85, '2026-03-20 08:00:00'),
(5, '北京', '2026-03-25', '06:12:00', '18:28:00', '11:53:00', '01:42:00', '满月', '804', 17, 8, '101', '多云', '151', '多云', 225, '西南风', '1-3', 14, 180, '南风', '1-3', 8, 0.2, 5, 49, 1012, 23, 42, '2026-03-20 08:00:00'),

(6, '杭州', '2026-03-21', '05:58:00', '18:09:00', '08:18:00', '21:46:00', '上弦月', '802', 22, 13, '101', '多云', '151', '多云', 135, '东南风', '1-3', 10, 90, '东风', '1-3', 8, 0.1, 6, 61, 1013, 22, 50, '2026-03-20 08:00:00'),
(7, '杭州', '2026-03-22', '05:57:00', '18:10:00', '09:02:00', '22:41:00', '盈凸月', '803', 24, 15, '104', '阴', '104', '阴', 180, '南风', '1-3', 12, 135, '东南风', '1-3', 8, 0.8, 5, 68, 1009, 20, 72, '2026-03-20 08:00:00'),
(8, '杭州', '2026-03-23', '05:55:00', '18:11:00', '09:48:00', '23:35:00', '盈凸月', '803', 20, 12, '305', '小雨', '305', '小雨', 225, '西南风', '3-4', 18, 180, '南风', '1-3', 10, 6.4, 4, 82, 1005, 16, 92, '2026-03-20 08:00:00'),
(9, '杭州', '2026-03-24', '05:54:00', '18:12:00', '10:37:00', '00:27:00', '盈凸月', '803', 18, 11, '305', '小雨', '104', '阴', 180, '南风', '3-4', 16, 135, '东南风', '1-3', 8, 3.2, 3, 79, 1006, 18, 88, '2026-03-20 08:00:00'),
(10, '杭州', '2026-03-25', '05:52:00', '18:13:00', '11:29:00', '01:16:00', '满月', '804', 21, 13, '101', '多云', '151', '多云', 90, '东风', '1-3', 9, 45, '东北风', '1-3', 6, 0.0, 5, 63, 1011, 24, 40, '2026-03-20 08:00:00'),

(11, '上海', '2026-03-21', '05:55:00', '18:06:00', '08:14:00', '21:42:00', '上弦月', '802', 19, 12, '101', '多云', '151', '多云', 90, '东风', '1-3', 13, 90, '东风', '1-3', 9, 0.0, 5, 66, 1014, 24, 44, '2026-03-20 08:00:00'),
(12, '上海', '2026-03-22', '05:53:00', '18:07:00', '08:58:00', '22:37:00', '盈凸月', '803', 21, 14, '104', '阴', '104', '阴', 135, '东南风', '1-3', 15, 135, '东南风', '1-3', 10, 0.5, 4, 73, 1010, 20, 76, '2026-03-20 08:00:00'),
(13, '上海', '2026-03-23', '05:52:00', '18:08:00', '09:45:00', '23:31:00', '盈凸月', '803', 18, 12, '305', '小雨', '305', '小雨', 180, '南风', '3-4', 19, 135, '东南风', '1-3', 10, 4.1, 3, 84, 1006, 16, 90, '2026-03-20 08:00:00'),
(14, '上海', '2026-03-24', '05:50:00', '18:09:00', '10:34:00', '00:22:00', '盈凸月', '803', 17, 11, '305', '小雨', '104', '阴', 225, '西南风', '3-4', 18, 180, '南风', '1-3', 9, 2.8, 3, 80, 1008, 18, 82, '2026-03-20 08:00:00'),
(15, '上海', '2026-03-25', '05:49:00', '18:10:00', '11:26:00', '01:11:00', '满月', '804', 20, 13, '101', '多云', '151', '多云', 90, '东风', '1-3', 10, 45, '东北风', '1-3', 8, 0.0, 5, 69, 1012, 24, 38, '2026-03-20 08:00:00'),

(16, '广州', '2026-03-21', '06:23:00', '18:31:00', '08:41:00', '22:10:00', '上弦月', '802', 27, 20, '101', '多云', '151', '多云', 180, '南风', '1-3', 12, 135, '东南风', '1-3', 8, 0.0, 6, 58, 1010, 24, 36, '2026-03-20 08:00:00'),
(17, '广州', '2026-03-22', '06:22:00', '18:31:00', '09:26:00', '23:08:00', '盈凸月', '803', 28, 21, '104', '阴', '104', '阴', 180, '南风', '1-3', 14, 135, '东南风', '1-3', 8, 0.6, 5, 65, 1008, 22, 62, '2026-03-20 08:00:00'),
(18, '广州', '2026-03-23', '06:21:00', '18:32:00', '10:13:00', '00:03:00', '盈凸月', '803', 26, 20, '305', '小雨', '305', '小雨', 225, '西南风', '1-3', 15, 180, '南风', '1-3', 8, 3.4, 4, 76, 1005, 18, 84, '2026-03-20 08:00:00'),

(19, '深圳', '2026-03-21', '06:18:00', '18:26:00', '08:36:00', '22:05:00', '上弦月', '802', 26, 21, '101', '多云', '151', '多云', 135, '东南风', '1-3', 13, 90, '东风', '1-3', 9, 0.0, 6, 63, 1009, 24, 40, '2026-03-20 08:00:00'),
(20, '深圳', '2026-03-22', '06:17:00', '18:27:00', '09:21:00', '23:01:00', '盈凸月', '803', 27, 22, '104', '阴', '104', '阴', 180, '南风', '1-3', 14, 135, '东南风', '1-3', 8, 0.7, 5, 69, 1007, 22, 66, '2026-03-20 08:00:00');

INSERT INTO train_tickets (
    id, departure_city, arrival_city, departure_time, arrival_time, train_number,
    seat_type, total_seats, remaining_seats, price, created_at
) VALUES
(1, '北京', '杭州', '2026-03-21 07:20:00', '2026-03-21 12:58:00', 'G31', '二等座', 520, 68, 553.50, '2026-03-20 08:00:00'),
(2, '北京', '杭州', '2026-03-21 09:00:00', '2026-03-21 14:48:00', 'G39', '二等座', 520, 42, 553.50, '2026-03-20 08:00:00'),
(3, '北京', '杭州', '2026-03-21 10:30:00', '2026-03-21 16:18:00', 'G165', '一等座', 120, 16, 933.00, '2026-03-20 08:00:00'),
(4, '北京', '杭州', '2026-03-22 08:10:00', '2026-03-22 13:49:00', 'G41', '二等座', 520, 53, 553.50, '2026-03-20 08:00:00'),
(5, '北京', '上海', '2026-03-21 07:00:00', '2026-03-21 11:42:00', 'G5', '二等座', 560, 75, 598.00, '2026-03-20 08:00:00'),
(6, '北京', '上海', '2026-03-21 08:30:00', '2026-03-21 13:18:00', 'G11', '商务座', 38, 6, 1748.00, '2026-03-20 08:00:00'),
(7, '北京', '上海', '2026-03-22 09:00:00', '2026-03-22 13:56:00', 'G13', '二等座', 560, 64, 598.00, '2026-03-20 08:00:00'),
(8, '北京', '广州', '2026-03-21 08:00:00', '2026-03-21 16:12:00', 'G79', '二等座', 520, 27, 862.00, '2026-03-20 08:00:00'),
(9, '北京', '广州', '2026-03-22 09:20:00', '2026-03-22 17:38:00', 'G81', '一等座', 118, 12, 1380.00, '2026-03-20 08:00:00'),
(10, '上海', '北京', '2026-03-22 07:15:00', '2026-03-22 12:03:00', 'G10', '二等座', 560, 88, 598.00, '2026-03-20 08:00:00'),
(11, '杭州', '北京', '2026-03-22 07:48:00', '2026-03-22 13:29:00', 'G40', '二等座', 520, 51, 553.50, '2026-03-20 08:00:00'),
(12, '上海', '广州', '2026-03-23 08:16:00', '2026-03-23 15:49:00', 'G1305', '二等座', 510, 35, 799.00, '2026-03-20 08:00:00'),
(13, '广州', '深圳', '2026-03-21 09:05:00', '2026-03-21 10:01:00', 'G6203', '二等座', 620, 128, 79.50, '2026-03-20 08:00:00'),
(14, '深圳', '广州', '2026-03-21 18:20:00', '2026-03-21 19:18:00', 'G6218', '二等座', 620, 142, 79.50, '2026-03-20 08:00:00'),
(15, '北京', '深圳', '2026-03-23 07:50:00', '2026-03-23 16:34:00', 'G71', '二等座', 510, 24, 936.00, '2026-03-20 08:00:00'),
(16, '北京', '深圳', '2026-03-23 10:10:00', '2026-03-23 19:02:00', 'G75', '一等座', 110, 9, 1488.00, '2026-03-20 08:00:00');

INSERT INTO flight_tickets (
    id, departure_city, arrival_city, departure_time, arrival_time, flight_number,
    cabin_type, total_seats, remaining_seats, price, created_at
) VALUES
(1, '北京', '杭州', '2026-03-21 07:55:00', '2026-03-21 10:05:00', 'CA1701', '经济舱', 180, 21, 980.00, '2026-03-20 08:00:00'),
(2, '北京', '杭州', '2026-03-21 13:20:00', '2026-03-21 15:35:00', 'MU5128', '经济舱', 180, 34, 860.00, '2026-03-20 08:00:00'),
(3, '北京', '杭州', '2026-03-21 18:10:00', '2026-03-21 20:20:00', 'HU7611', '公务舱', 36, 8, 1820.00, '2026-03-20 08:00:00'),
(4, '北京', '上海', '2026-03-21 08:10:00', '2026-03-21 10:20:00', 'CA1509', '经济舱', 200, 29, 760.00, '2026-03-20 08:00:00'),
(5, '北京', '上海', '2026-03-21 14:30:00', '2026-03-21 16:40:00', 'MU5112', '公务舱', 28, 7, 1680.00, '2026-03-20 08:00:00'),
(6, '北京', '广州', '2026-03-21 09:40:00', '2026-03-21 13:05:00', 'CZ3115', '经济舱', 220, 18, 1120.00, '2026-03-20 08:00:00'),
(7, '北京', '广州', '2026-03-22 16:20:00', '2026-03-22 19:45:00', 'CA1317', '公务舱', 30, 6, 1980.00, '2026-03-20 08:00:00'),
(8, '上海', '北京', '2026-03-22 08:45:00', '2026-03-22 10:55:00', 'CA1852', '经济舱', 200, 41, 790.00, '2026-03-20 08:00:00'),
(9, '杭州', '北京', '2026-03-22 11:05:00', '2026-03-22 13:20:00', 'MU5137', '经济舱', 180, 36, 880.00, '2026-03-20 08:00:00'),
(10, '上海', '广州', '2026-03-23 10:15:00', '2026-03-23 12:45:00', 'CZ3522', '经济舱', 190, 24, 910.00, '2026-03-20 08:00:00'),
(11, '广州', '深圳', '2026-03-21 15:20:00', '2026-03-21 16:20:00', 'ZH9121', '经济舱', 90, 20, 460.00, '2026-03-20 08:00:00'),
(12, '北京', '深圳', '2026-03-23 08:30:00', '2026-03-23 11:55:00', 'CA1379', '经济舱', 220, 17, 1260.00, '2026-03-20 08:00:00'),
(13, '北京', '深圳', '2026-03-23 17:45:00', '2026-03-23 21:10:00', 'ZH9110', '公务舱', 32, 5, 2160.00, '2026-03-20 08:00:00');

INSERT INTO hotels (
    id, name, city, district, star_rating, address, description, created_at
) VALUES
(1, '上海外滩云际酒店', '上海', '黄浦区', 5, '上海市黄浦区中山东一路88号', '靠近外滩，适合城市观光与商务出行。', '2026-03-20 08:00:00'),
(2, '杭州西湖静栖酒店', '杭州', '西湖区', 4, '杭州市西湖区灵隐路18号', '靠近西湖景区，主打安静舒适。', '2026-03-20 08:00:00'),
(3, '北京国贸商务酒店', '北京', '朝阳区', 5, '北京市朝阳区建国门外大街21号', '适合商务出差，交通便利。', '2026-03-20 08:00:00'),
(4, '广州珠江新城轻居酒店', '广州', '天河区', 4, '广州市天河区花城大道66号', '适合短住与会展出行。', '2026-03-20 08:00:00');

INSERT INTO hotel_room_inventory (
    id, hotel_id, stay_date, room_type, bed_type, breakfast_included, is_refundable,
    total_rooms, remaining_rooms, price_per_night, created_at
) VALUES
(1, 1, '2026-03-21', '高级大床房', '大床', TRUE, TRUE, 20, 6, 880.00, '2026-03-20 08:00:00'),
(2, 1, '2026-03-21', '江景双床房', '双床', TRUE, FALSE, 12, 4, 1080.00, '2026-03-20 08:00:00'),
(3, 1, '2026-03-22', '高级大床房', '大床', TRUE, TRUE, 20, 7, 920.00, '2026-03-20 08:00:00'),
(4, 1, '2026-03-22', '江景双床房', '双床', TRUE, FALSE, 12, 3, 1120.00, '2026-03-20 08:00:00'),
(5, 1, '2026-03-23', '高级大床房', '大床', TRUE, TRUE, 20, 8, 950.00, '2026-03-20 08:00:00'),
(6, 1, '2026-03-23', '江景双床房', '双床', TRUE, FALSE, 12, 2, 1150.00, '2026-03-20 08:00:00'),

(7, 2, '2026-03-21', '园景大床房', '大床', TRUE, TRUE, 18, 9, 620.00, '2026-03-20 08:00:00'),
(8, 2, '2026-03-21', '庭院双床房', '双床', FALSE, TRUE, 14, 5, 680.00, '2026-03-20 08:00:00'),
(9, 2, '2026-03-22', '园景大床房', '大床', TRUE, TRUE, 18, 10, 650.00, '2026-03-20 08:00:00'),
(10, 2, '2026-03-22', '庭院双床房', '双床', FALSE, TRUE, 14, 6, 710.00, '2026-03-20 08:00:00'),
(11, 2, '2026-03-23', '园景大床房', '大床', TRUE, TRUE, 18, 8, 690.00, '2026-03-20 08:00:00'),
(12, 2, '2026-03-23', '庭院双床房', '双床', FALSE, TRUE, 14, 4, 730.00, '2026-03-20 08:00:00'),

(13, 3, '2026-03-21', '商务大床房', '大床', TRUE, TRUE, 24, 11, 980.00, '2026-03-20 08:00:00'),
(14, 3, '2026-03-21', '行政双床房', '双床', TRUE, TRUE, 10, 4, 1280.00, '2026-03-20 08:00:00'),
(15, 3, '2026-03-22', '商务大床房', '大床', TRUE, TRUE, 24, 10, 1020.00, '2026-03-20 08:00:00'),
(16, 3, '2026-03-22', '行政双床房', '双床', TRUE, TRUE, 10, 3, 1320.00, '2026-03-20 08:00:00'),

(17, 4, '2026-03-21', '轻居大床房', '大床', FALSE, TRUE, 26, 12, 560.00, '2026-03-20 08:00:00'),
(18, 4, '2026-03-21', '城景双床房', '双床', TRUE, TRUE, 16, 7, 640.00, '2026-03-20 08:00:00'),
(19, 4, '2026-03-22', '轻居大床房', '大床', FALSE, TRUE, 26, 13, 590.00, '2026-03-20 08:00:00'),
(20, 4, '2026-03-22', '城景双床房', '双床', TRUE, TRUE, 16, 6, 670.00, '2026-03-20 08:00:00');
